Machine,User on File,Date of File,Submitted Date
Baselight,THolland,20230326,"time.struct_time(tm_year=2023, tm_mon=4, tm_mday=15, tm_hour=2, tm_min=36, tm_sec=41, tm_wday=5, tm_yday=105, tm_isdst=1)"
Location and Frames to Fix
/,d,d,n,s,a,t,a,3,/,p,r,o,d,u,c,t,i,o,n,/,A,v,a,t,a,r,/,r,e,e,l,1,/,p,a,r,t,A,/,1,9,2,0,x,1,0,8,0, ,4
/,d,d,n,s,a,t,a,3,/,p,r,o,d,u,c,t,i,o,n,/,A,v,a,t,a,r,/,r,e,e,l,1,/,p,a,r,t,A,/,1,9,2,0,x,1,0,8,0, ,5,5
/,d,d,n,s,a,t,a,3,/,p,r,o,d,u,c,t,i,o,n,/,A,v,a,t,a,r,/,r,e,e,l,1,/,p,a,r,t,A,/,1,9,2,0,x,1,0,8,0, ,2,6,3
/,d,d,n,s,a,t,a,3,/,p,r,o,d,u,c,t,i,o,n,/,A,v,a,t,a,r,/,r,e,e,l,1,/,p,a,r,t,A,/,1,9,2,0,x,1,0,8,0, ,3,6,8
/,d,d,n,s,a,t,a,3,/,p,r,o,d,u,c,t,i,o,n,/,A,v,a,t,a,r,/,r,e,e,l,1,/,p,a,r,t,A,/,1,9,2,0,x,1,0,8,0, ,4,5,2
/,d,d,n,s,a,t,a,3,/,p,r,o,d,u,c,t,i,o,n,/,A,v,a,t,a,r,/,r,e,e,l,1,/,p,a,r,t,A,/,1,9,2,0,x,1,0,8,0, ,5,7,8
/,d,d,n,s,a,t,a,3,/,p,r,o,d,u,c,t,i,o,n,/,A,v,a,t,a,r,/,r,e,e,l,1,/,p,a,r,t,A,/,1,9,2,0,x,1,0,8,0, ,6,7,8
/,d,d,n,s,a,t,a,3,/,p,r,o,d,u,c,t,i,o,n,/,A,v,a,t,a,r,/,r,e,e,l,1,/,p,a,r,t,A,/,1,9,2,0,x,1,0,8,0, ,7,3,8
/,d,d,n,s,a,t,a,3,/,p,r,o,d,u,c,t,i,o,n,/,A,v,a,t,a,r,/,r,e,e,l,1,/,p,a,r,t,A,/,1,9,2,0,x,1,0,8,0, ,8,3,6
/,d,d,n,s,a,t,a,3,/,p,r,o,d,u,c,t,i,o,n,/,A,v,a,t,a,r,/,r,e,e,l,1,/,p,a,r,t,A,/,1,9,2,0,x,1,0,8,0, ,1,0,1,1
/,d,d,n,s,a,t,a,3,/,p,r,o,d,u,c,t,i,o,n,/,A,v,a,t,a,r,/,r,e,e,l,1,/,p,a,r,t,A,/,1,9,2,0,x,1,0,8,0, ,1,1,5,6
/,d,d,n,s,a,t,a,3,/,p,r,o,d,u,c,t,i,o,n,/,A,v,a,t,a,r,/,r,e,e,l,1,/,p,a,r,t,A,/,1,9,2,0,x,1,0,8,0, ,1,2,6
/,d,d,n,s,a,t,a,3,/,p,r,o,d,u,c,t,i,o,n,/,A,v,a,t,a,r,/,r,e,e,l,1,/,p,a,r,t,A,/,1,9,2,0,x,1,0,8,0, ,1,3,4,5
/,d,d,n,s,a,t,a,3,/,p,r,o,d,u,c,t,i,o,n,/,A,v,a,t,a,r,/,r,e,e,l,1,/,p,a,r,t,A,/,1,9,2,0,x,1,0,8,0, ,1,7,6,7
/,d,d,n,s,a,t,a,3,/,p,r,o,d,u,c,t,i,o,n,/,A,v,a,t,a,r,/,r,e,e,l,1,/,p,a,r,t,A,/,1,9,2,0,x,1,0,8,0, ,3,4,5,6
/,d,d,n,s,a,t,a,5,/,p,r,o,d,u,c,t,i,o,n,/,A,v,a,t,a,r,/,r,e,e,l,1,/,p,a,r,t,B,/,1,9,2,0,x,1,0,8,0, ,4,4,4,4
/,d,d,n,s,a,t,a,5,/,p,r,o,d,u,c,t,i,o,n,/,A,v,a,t,a,r,/,r,e,e,l,1,/,p,a,r,t,B,/,1,9,2,0,x,1,0,8,0, ,5,5,5,5
/,d,d,n,s,a,t,a,5,/,p,r,o,d,u,c,t,i,o,n,/,A,v,a,t,a,r,/,r,e,e,l,1,/,p,a,r,t,B,/,1,9,2,0,x,1,0,8,0, ,6,6,6,6
/,d,d,n,s,a,t,a,5,/,p,r,o,d,u,c,t,i,o,n,/,A,v,a,t,a,r,/,r,e,e,l,1,/,p,a,r,t,B,/,1,9,2,0,x,1,0,8,0, ,7,7,7,7
/,d,d,n,s,a,t,a,5,/,p,r,o,d,u,c,t,i,o,n,/,A,v,a,t,a,r,/,r,e,e,l,1,/,p,a,r,t,B,/,1,9,2,0,x,1,0,8,0, ,8,8,8,8
/,d,d,n,s,a,t,a,5,/,p,r,o,d,u,c,t,i,o,n,/,A,v,a,t,a,r,/,r,e,e,l,1,/,p,a,r,t,B,/,1,9,2,0,x,1,0,8,0, ,9,9,9,9
/,d,d,n,s,a,t,a,6,/,p,r,o,d,u,c,t,i,o,n,/,A,v,a,t,a,r,/,p,i,c,k,u,p,s,/,s,h,o,t,_,1,a,b,/,1,9,2,0,x,1,0,8,0, ,1,1,0,0,6,-,1,1,0,0,8
